{
"lengthUnit": "mil",
"remark": [],
"components": {
	"fields": ["COMPONENT_NO", "COMPONENT_NAME", "LAYER", "X_COORDINATE", "Y_COORDINATE", "ANGLE"],
	"rows": [
		[1, "ALED1", "T", 1931.62, -965.008, 180],
		[2, "C1", "T", 2231.3204, -966.7363, 270],
		[3, "R1", "T", 2130, -965, 270],
		[4, "U1", "T", 2330, -975, 180],
		[5, "U2", "T", 2970, -980, 90],
		[6, "PAD1", "T", 1888.31, -965.012, 0],
		[7, "PAD2", "T", 1974.93, -965.012, 0],
		[8, "PAD3", "T", 2231.3204, -994.2963, 0],
		[9, "PAD4", "T", 2231.3204, -939.1763, 0],
		[10, "PAD5", "T", 2130, -994.66, 0],
		[11, "PAD6", "T", 2130, -935.34, 0],
		[12, "PAD7", "T", 2353.62, -975, 0],
		[13, "PAD8", "T", 2349.68, -1000.59, 0],
		[14, "PAD9", "T", 2330, -1000.59, 0],
		[15, "PAD10", "T", 2330, -949.41, 0],
		[16, "PAD11", "T", 2349.68, -949.41, 0],
		[17, "PAD12", "T", 2433.0709, -1005, 0],
		[18, "PAD13", "T", 2606.2992, -955, 0],
		[19, "PAD13", "B", 2606.2992, -955, 0],
		[20, "PAD14", "T", 2625, -640, 0],
		[21, "PAD14", "B", 2625, -640, 0]
	]
},
"pins": {
	"fields": ["PIN_NO", "PIN_NAME", "PIN_X", "PIN_Y", "LAYER", "PIN_TYPE", "NET_NAME", "NET_TYPE", "PAD_SHAPE", "PAD_SIZEX", "PAD_SIZEY", "HOLE_SIZE", "HOLE_LEN", "PAD_ANGLE"],
	"rows": [
		[1, "ALED1_1", 1974.93, -965.012, "T", "SMD", "$1N294", "", "R", 39.37, 49.213, 0, 0, 360],
		[2, "ALED1_2", 1888.31, -965.012, "T", "SMD", "$1N454", "", "R", 39.37, 49.213, 0, 0, 360],
		[3, "C1_1", 2231.3204, -939.1763, "T", "SMD", "$1N294", "", "R", 31.496, 35.433, 0, 0, 270],
		[4, "C1_2", 2231.3204, -994.2963, "T", "SMD", "$1N300", "", "R", 31.496, 35.433, 0, 0, 270],
		[5, "R1_1", 2130, -935.34, "T", "SMD", "$1N454", "", "R", 31.751, 34.016, 0, 0, 270],
		[6, "R1_2", 2130, -994.66, "T", "SMD", "$1N300", "", "R", 31.751, 34.016, 0, 0, 270],
		[7, "U1_1", 2349.68, -949.41, "T", "SMD", "$1N199", "", "R", 19.685, 11.024, 0, 0, 270],
		[8, "U1_2", 2330, -949.41, "T", "SMD", "$1N294", "", "R", 19.685, 11.024, 0, 0, 270],
		[9, "U1_3", 2310.32, -949.41, "T", "SMD", "NET_1", "", "R", 19.685, 11.024, 0, 0, 270],
		[10, "U1_4", 2306.38, -975, "T", "SMD", "NET_2", "", "R", 17.717, 11.811, 0, 0, 0],
		[11, "U1_5", 2310.31, -1000.59, "T", "SMD", "NET_3", "", "R", 19.685, 11.024, 0, 0, 270],
		[12, "U1_6", 2330, -1000.59, "T", "SMD", "$1N300", "", "R", 19.685, 11.024, 0, 0, 270],
		[13, "U1_7", 2349.68, -1000.59, "T", "SMD", "$1N300", "", "R", 19.685, 11.024, 0, 0, 270],
		[14, "U1_8", 2353.62, -975, "T", "SMD", "$1N204", "", "R", 17.717, 11.811, 0, 0, 0],
		[15, "U2_P$1", 2433.0709, -1005, "T", "SMD", "$1N204", "", "R", 29.5276, 11.811, 0, 0, 180],
		[16, "U2_P$2", 2606.2992, -955, "T", "DIP", "$1N199", "", "C", 31.811, 31.811, 11.811, 11.811, 90],
		[17, "U2_P$2", 2606.2992, -955, "B", "DIP", "$1N199", "", "C", 31.811, 31.811, 11.811, 11.811, 90],
		[18, "PAD1_2", 1888.31, -965.012, "T", "SMD", "$1N454", "", "R", 39.37, 49.213, 0, 0, 360],
		[19, "PAD2_1", 1974.93, -965.012, "T", "SMD", "$1N294", "", "R", 39.37, 49.213, 0, 0, 360],
		[20, "PAD3_2", 2231.3204, -994.2963, "T", "SMD", "$1N300", "", "R", 31.496, 35.433, 0, 0, 270],
		[21, "PAD4_1", 2231.3204, -939.1763, "T", "SMD", "$1N294", "", "R", 31.496, 35.433, 0, 0, 270],
		[22, "PAD5_2", 2130, -994.66, "T", "SMD", "$1N300", "", "R", 31.751, 34.016, 0, 0, 270],
		[23, "PAD6_1", 2130, -935.34, "T", "SMD", "$1N454", "", "R", 31.751, 34.016, 0, 0, 270],
		[24, "PAD7_8", 2353.62, -975, "T", "SMD", "$1N204", "", "R", 17.717, 11.811, 0, 0, 0],
		[25, "PAD8_7", 2349.68, -1000.59, "T", "SMD", "$1N300", "", "R", 19.685, 11.024, 0, 0, 270],
		[26, "PAD9_6", 2330, -1000.59, "T", "SMD", "$1N300", "", "R", 19.685, 11.024, 0, 0, 270],
		[27, "PAD10_2", 2330, -949.41, "T", "SMD", "$1N294", "", "R", 19.685, 11.024, 0, 0, 270],
		[28, "PAD11_1", 2349.68, -949.41, "T", "SMD", "$1N199", "", "R", 19.685, 11.024, 0, 0, 270],
		[29, "PAD12_P$1", 2433.0709, -1005, "T", "SMD", "$1N204", "", "R", 29.5276, 11.811, 0, 0, 180],
		[30, "PAD13_P$2", 2606.2992, -955, "T", "DIP", "$1N199", "", "C", 31.811, 31.811, 11.811, 11.811, 90],
		[31, "PAD13_P$2", 2606.2992, -955, "B", "DIP", "$1N199", "", "C", 31.811, 31.811, 11.811, 11.811, 90],
		[32, "PAD14_1", 2625, -640, "T", "DIP", "$1N199", "", "C", 31.811, 31.811, 11.811, 11.811, 90],
		[33, "PAD14_1", 2625, -640, "B", "DIP", "$1N199", "", "C", 31.811, 31.811, 11.811, 11.811, 90]
	]
}
}